,ApplicantIncome,CoapplicantIncome,Credit_History,Dependents,Education,Gender,LoanAmount,Loan_Amount_Term,Married,Property_Area,Self_Employed,LoanAmount_log,TotalIncome,TotalIncome_log
0,5849,0.0,1.0,1,0,1,130.0,360.0,0,2,0,4.86753445046,5849.0,8.67402598544
1,4583,1508.0,1.0,2,0,1,128.0,360.0,1,0,0,4.85203026392,6091.0,8.71456755084
2,3000,0.0,1.0,1,0,1,66.0,360.0,1,2,1,4.18965474203,3000.0,8.00636756765
3,2583,2358.0,1.0,1,1,1,120.0,360.0,1,2,0,4.78749174278,4941.0,8.50532301885
4,6000,0.0,1.0,1,0,1,141.0,360.0,0,2,0,4.94875989038,6000.0,8.69951474821
5,5417,4196.0,1.0,3,0,1,267.0,360.0,1,2,1,5.5872486584,9613.0,9.17087162807
6,2333,1516.0,1.0,1,1,1,95.0,360.0,1,2,0,4.5538768916,3849.0,8.25556865328
7,3036,2504.0,0.0,4,0,1,158.0,360.0,1,1,0,5.06259503303,5540.0,8.61974977974
8,4006,1526.0,1.0,3,0,1,168.0,360.0,1,2,0,5.1239639794,5532.0,8.61830469278
9,12841,10968.0,1.0,2,0,1,349.0,360.0,1,1,0,5.8550719222,23809.0,10.0778189394
10,3200,700.0,1.0,3,0,1,70.0,360.0,1,2,0,4.24849524205,3900.0,8.26873183212
11,2500,1840.0,1.0,3,0,1,109.0,360.0,1,2,0,4.69134788223,4340.0,8.37562962709
12,3073,8106.0,1.0,3,0,1,200.0,360.0,1,2,0,5.29831736655,11179.0,9.32179229727
13,1853,2840.0,1.0,1,0,1,114.0,360.0,0,0,0,4.73619844839,4693.0,8.45382731579
14,1299,1086.0,1.0,3,0,1,17.0,120.0,1,2,0,2.83321334406,2385.0,7.77695440332
15,4950,0.0,1.0,1,0,1,125.0,360.0,0,2,0,4.8283137373,4950.0,8.50714285556
16,3596,0.0,1.0,2,1,1,100.0,240.0,0,2,0,4.60517018599,3596.0,8.18757739559
17,3510,0.0,0.0,1,0,0,76.0,360.0,0,2,0,4.33073334029,3510.0,8.16337131646
18,4887,0.0,1.0,1,1,1,133.0,360.0,1,0,0,4.89034912822,4887.0,8.49433389727
19,2600,3500.0,1.0,1,0,1,115.0,342.201873049,1,2,0,4.74493212836,6100.0,8.71604405016
20,7660,0.0,0.0,1,1,1,104.0,360.0,1,2,0,4.64439089914,7660.0,8.94376726273
21,5955,5625.0,1.0,2,0,1,315.0,360.0,1,2,0,5.75257263883,11580.0,9.35703475113
22,2600,1911.0,0.0,1,1,1,116.0,360.0,1,1,0,4.75359019111,4511.0,8.41427413741
23,3365,1917.0,0.0,3,1,1,112.0,360.0,1,0,0,4.7184988713,5282.0,8.57206009286
24,3717,2925.0,1.0,2,0,1,151.0,360.0,1,1,0,5.01727983681,6642.0,8.80116840194
25,9560,0.0,1.0,1,0,1,191.0,360.0,1,1,1,5.25227342805,9560.0,9.16534300605
26,2799,2253.0,1.0,1,0,1,122.0,360.0,1,1,0,4.80402104473,5052.0,8.52753948347
27,4226,1040.0,1.0,3,1,1,110.0,360.0,1,2,0,4.70048036579,5266.0,8.56902634006
28,1442,0.0,1.0,1,1,1,35.0,360.0,0,2,0,3.55534806149,1442.0,7.27378631784
29,3750,2083.0,1.0,3,0,0,120.0,360.0,0,1,0,4.78749174278,5833.0,8.67128672675
30,4166,3369.0,1.0,2,0,1,201.0,360.0,1,2,0,5.30330490806,7535.0,8.92731411106
31,3167,0.0,1.0,1,0,1,74.0,360.0,0,2,0,4.3040650932,3167.0,8.06054004654
32,4692,0.0,1.0,2,0,1,106.0,360.0,0,0,1,4.66343909411,4692.0,8.45361420977
33,3500,1667.0,1.0,1,0,1,114.0,360.0,1,1,0,4.73619844839,5167.0,8.55004752829
34,12500,3000.0,1.0,4,0,1,320.0,360.0,0,0,0,5.76832099579,15500.0,9.64859530291
35,2275,2067.0,1.0,1,0,1,130.0,360.0,1,2,0,4.86753445046,4342.0,8.37609035044
36,1828,1330.0,0.0,1,0,1,100.0,342.201873049,1,2,0,4.60517018599,3158.0,8.05769419482
37,3667,1459.0,1.0,1,0,0,144.0,360.0,1,1,0,4.96981329958,5126.0,8.54208090692
38,4166,7210.0,1.0,1,0,1,184.0,360.0,0,2,0,5.21493575761,11376.0,9.33926115204
39,3748,1668.0,1.0,1,1,1,110.0,360.0,0,1,0,4.70048036579,5416.0,8.59711281459
40,3600,0.0,1.0,1,0,1,80.0,360.0,0,2,0,4.38202663467,3600.0,8.18868912444
41,1800,1213.0,1.0,1,0,1,47.0,360.0,0,2,0,3.85014760171,3013.0,8.01069153913
42,2400,0.0,1.0,1,0,1,75.0,360.0,1,2,0,4.31748811354,2400.0,7.78322401634
43,3941,2336.0,1.0,1,0,1,134.0,360.0,1,1,0,4.89783979995,6277.0,8.74464743832
44,4695,0.0,1.0,1,1,1,96.0,342.201873049,1,2,1,4.56434819147,4695.0,8.45425339164
45,3410,0.0,1.0,1,0,0,88.0,342.201873049,0,2,0,4.47733681448,3410.0,8.13446757028
46,5649,0.0,1.0,2,0,1,44.0,360.0,1,2,0,3.78418963392,5649.0,8.63923381733
47,5821,0.0,1.0,1,0,1,144.0,360.0,1,2,0,4.96981329958,5821.0,8.66922734727
48,2645,3440.0,0.0,1,0,0,120.0,360.0,1,2,0,4.78749174278,6085.0,8.71358200542
49,4000,2275.0,1.0,1,0,0,144.0,360.0,0,1,0,4.96981329958,6275.0,8.744328764
50,1928,1644.0,1.0,1,1,0,100.0,360.0,1,1,0,4.60517018599,3572.0,8.180880942
51,3086,0.0,1.0,1,0,0,120.0,360.0,0,1,0,4.78749174278,3086.0,8.03463103292
52,4230,0.0,1.0,1,0,0,112.0,360.0,0,1,0,4.7184988713,4230.0,8.34995727204
53,4616,0.0,1.0,3,0,1,134.0,360.0,1,2,0,4.89783979995,4616.0,8.43728380819
54,11500,0.0,0.0,2,0,0,286.0,360.0,1,2,1,5.65599181082,11500.0,9.35010231435
55,2708,1167.0,1.0,3,0,1,97.0,360.0,1,1,0,4.5747109785,3875.0,8.26230094179
56,2132,1591.0,1.0,1,0,1,96.0,360.0,1,1,0,4.56434819147,3723.0,8.22228507387
57,3366,2200.0,1.0,1,0,1,135.0,360.0,1,0,0,4.90527477844,5566.0,8.62443194209
58,8080,2250.0,1.0,2,0,1,180.0,360.0,1,2,0,5.19295685089,10330.0,9.24280756211
59,3357,2859.0,1.0,3,1,1,144.0,360.0,1,2,0,4.96981329958,6216.0,8.73488189205
60,2500,3796.0,1.0,1,0,1,120.0,360.0,1,2,0,4.78749174278,6296.0,8.7476697901
61,3029,0.0,1.0,4,0,1,99.0,360.0,1,2,0,4.59511985013,3029.0,8.01598781103
62,2609,3449.0,0.0,1,1,1,165.0,180.0,1,0,1,5.1059454739,6058.0,8.70913499159
63,4945,0.0,0.0,2,0,1,130.0,360.0,1,0,0,4.86753445046,4945.0,8.50613224406
64,4166,0.0,0.0,1,0,0,116.0,360.0,0,1,0,4.75359019111,4166.0,8.33471162182
65,5726,4595.0,1.0,1,0,1,258.0,360.0,1,1,0,5.55295958492,10321.0,9.24193593357
66,3200,2254.0,0.0,1,1,1,126.0,180.0,0,2,0,4.83628190695,5454.0,8.60410456341
67,10750,0.0,1.0,2,0,1,312.0,360.0,1,2,0,5.74300318781,10750.0,9.28266103356
68,7100,0.0,1.0,4,1,1,125.0,60.0,1,2,1,4.8283137373,7100.0,8.86785006303
69,4300,0.0,0.0,1,0,0,136.0,360.0,0,1,0,4.91265488574,4300.0,8.36637030168
70,3208,3066.0,1.0,1,0,1,172.0,360.0,1,2,0,5.14749447681,6274.0,8.74416938875
71,1875,1875.0,1.0,3,1,1,97.0,360.0,1,1,1,4.5747109785,3750.0,8.22951111896
72,3500,0.0,1.0,1,0,1,81.0,300.0,0,1,0,4.39444915467,3500.0,8.16051824748
73,4755,0.0,0.0,4,1,1,95.0,342.201873049,1,1,0,4.5538768916,4755.0,8.46695197498
74,5266,1774.0,1.0,4,0,1,187.0,360.0,1,1,1,5.23110861685,7040.0,8.85936344915
75,3750,0.0,1.0,1,0,1,113.0,480.0,0,2,0,4.72738781871,3750.0,8.22951111896
76,3750,4750.0,1.0,1,0,1,176.0,360.0,0,2,0,5.17048399504,8500.0,9.04782144248
77,1000,3022.0,1.0,2,0,1,110.0,360.0,1,2,1,4.70048036579,4022.0,8.29953457033
78,3167,4000.0,0.0,4,0,1,180.0,300.0,1,1,0,5.19295685089,7167.0,8.87724243599
79,3333,2166.0,1.0,4,1,1,130.0,360.0,1,1,1,4.86753445046,5499.0,8.61232153651
80,3846,0.0,1.0,1,0,0,111.0,360.0,0,1,0,4.70953020131,3846.0,8.25478892615
81,2395,0.0,1.0,2,0,1,150.0,360.0,1,1,1,5.0106352941,2395.0,7.78113850985
82,1378,1881.0,1.0,3,0,0,167.0,360.0,1,2,0,5.11799381242,3259.0,8.08917567884
83,6000,2250.0,1.0,1,0,1,265.0,360.0,1,1,0,5.57972982599,8250.0,9.01796847933
84,3988,0.0,1.0,2,0,1,50.0,240.0,1,2,0,3.91202300543,3988.0,8.29104513108
85,2366,2531.0,1.0,1,0,1,136.0,360.0,0,1,0,4.91265488574,4897.0,8.4963780517
86,3333,2000.0,1.0,3,1,1,99.0,360.0,1,1,0,4.59511985013,5333.0,8.5816692106
87,2500,2118.0,1.0,1,0,1,104.0,360.0,1,1,0,4.64439089914,4618.0,8.43771698991
88,8566,0.0,1.0,1,0,1,210.0,360.0,0,2,0,5.34710753072,8566.0,9.05555615818
89,5695,4167.0,1.0,1,0,1,175.0,360.0,1,1,0,5.16478597392,9862.0,9.19644426678
90,2958,2900.0,1.0,1,0,1,131.0,360.0,1,1,0,4.8751973232,5858.0,8.67556352739
91,6250,5654.0,1.0,3,0,1,188.0,180.0,1,1,0,5.23644196283,11904.0,9.38462975707
92,3273,1820.0,1.0,3,1,1,81.0,360.0,1,2,0,4.39444915467,5093.0,8.53562232688
93,4133,0.0,1.0,1,0,1,122.0,360.0,0,1,0,4.80402104473,4133.0,8.32675881451
94,3620,0.0,1.0,1,1,1,25.0,120.0,0,1,0,3.21887582487,3620.0,8.19422930482
95,6782,0.0,1.0,1,0,1,130.0,360.0,0,2,0,4.86753445046,6782.0,8.82202732269
96,2484,2302.0,1.0,1,0,0,137.0,360.0,1,1,0,4.91998092583,4786.0,8.47345026847
97,1977,997.0,1.0,1,0,1,50.0,360.0,1,1,0,3.91202300543,2974.0,7.99766312702
98,4188,0.0,1.0,1,1,1,115.0,180.0,1,1,0,4.74493212836,4188.0,8.33997857199
99,1759,3541.0,1.0,1,0,1,131.0,360.0,1,1,0,4.8751973232,5300.0,8.57546209954
100,4288,3263.0,1.0,3,1,1,133.0,180.0,1,2,0,4.89034912822,7551.0,8.9294352838
101,4843,3806.0,1.0,1,0,1,151.0,360.0,0,1,0,5.01727983681,8649.0,9.06519898631
102,13650,0.0,1.0,0,0,1,130.0,360.0,1,2,0,4.86753445046,13650.0,9.52149480061
103,4652,3583.0,1.0,1,0,1,130.0,360.0,1,1,0,4.86753445046,8235.0,9.01614864261
104,3816,754.0,1.0,0,0,1,160.0,360.0,1,2,0,5.07517381523,4570.0,8.42726848389
105,3052,1030.0,1.0,2,0,1,100.0,360.0,1,2,0,4.60517018599,4082.0,8.31434234337
106,11417,1126.0,1.0,3,0,1,225.0,360.0,1,2,0,5.4161004022,12543.0,9.43691802002
107,7333,0.0,1.0,1,1,1,120.0,360.0,0,0,0,4.78749174278,7333.0,8.90013998809
108,3800,3600.0,0.0,3,0,1,216.0,360.0,1,2,0,5.37527840768,7400.0,8.90923527919
109,2071,754.0,1.0,4,1,1,94.0,480.0,1,1,0,4.54329478227,2825.0,7.94626364358
110,5316,0.0,1.0,1,0,1,136.0,360.0,0,2,0,4.91265488574,5316.0,8.57847641983
111,2929,2333.0,1.0,1,0,0,139.0,360.0,1,1,0,4.93447393313,5262.0,8.5682664616
112,3572,4114.0,0.0,1,1,1,152.0,342.201873049,1,0,0,5.02388052085,7686.0,8.94715577112
113,7451,0.0,1.0,2,0,0,150.0,360.0,0,1,1,5.0106352941,7451.0,8.91610353055
114,5050,0.0,1.0,1,0,1,118.0,360.0,0,1,0,4.77068462447,5050.0,8.52714352227
115,14583,0.0,1.0,2,0,1,185.0,180.0,1,0,0,5.22035582508,14583.0,9.58761174571
116,3167,2283.0,1.0,1,0,0,154.0,360.0,1,1,0,5.03695260241,5450.0,8.60337088766
117,2214,1398.0,1.0,2,0,1,85.0,360.0,1,2,0,4.44265125649,3612.0,8.19201691454
118,5568,2142.0,1.0,1,0,1,175.0,360.0,1,0,0,5.16478597392,7710.0,8.95027346656
119,10408,0.0,1.0,1,0,0,259.0,360.0,0,2,0,5.5568280617,10408.0,9.25033002019
120,5667,2667.0,1.0,0,0,1,180.0,360.0,1,0,0,5.19295685089,8334.0,9.02809881198
121,4166,0.0,1.0,1,0,0,44.0,360.0,0,1,0,3.78418963392,4166.0,8.33471162182
122,2137,8980.0,0.0,1,0,0,137.0,360.0,0,1,0,4.91998092583,11117.0,9.31623074723
123,2957,0.0,1.0,3,0,1,81.0,360.0,1,1,0,4.39444915467,2957.0,7.99193051985
124,4300,2014.0,1.0,1,1,1,194.0,360.0,1,0,0,5.26785815906,6314.0,8.75052466912
125,3692,0.0,1.0,1,0,0,93.0,360.0,0,0,0,4.53259949315,3692.0,8.21392359562
126,23803,0.0,1.0,4,0,1,370.0,360.0,1,0,0,5.91350300564,23803.0,10.0775669021
127,3865,1640.0,1.0,1,0,1,130.0,360.0,0,0,0,4.86753445046,5505.0,8.61341204916
128,10513,3850.0,0.0,2,0,1,160.0,180.0,1,2,1,5.07517381523,14363.0,9.57241073443
129,6080,2569.0,1.0,1,0,1,182.0,360.0,1,0,0,5.20400668708,8649.0,9.06519898631
130,20166,0.0,1.0,1,0,1,650.0,480.0,0,2,1,6.47697236289,20166.0,9.91175329695
131,2014,1929.0,1.0,1,0,1,74.0,360.0,0,2,0,4.3040650932,3943.0,8.27969713388
132,2718,0.0,1.0,1,0,1,70.0,360.0,0,1,0,4.24849524205,2718.0,7.90765159471
133,3459,0.0,1.0,1,0,1,25.0,120.0,1,1,1,3.21887582487,3459.0,8.14873480894
134,4895,0.0,1.0,1,0,1,102.0,360.0,0,1,0,4.62497281328,4895.0,8.49596955496
135,4000,7750.0,1.0,4,0,1,290.0,360.0,1,1,0,5.66988092298,11750.0,9.37160851957
136,4583,0.0,1.0,1,0,0,84.0,360.0,1,0,0,4.43081679884,4583.0,8.43010908451
137,3316,3500.0,1.0,3,0,1,88.0,360.0,1,2,1,4.47733681448,6816.0,8.82702806851
138,14999,0.0,0.0,1,0,1,242.0,360.0,0,1,0,5.48893772616,14999.0,9.6157388112
139,4200,1430.0,1.0,3,1,1,129.0,360.0,1,0,0,4.85981240436,5630.0,8.63586472113
140,5042,2083.0,1.0,3,0,1,185.0,360.0,1,0,0,5.22035582508,7125.0,8.87136500514
141,5417,0.0,1.0,1,0,1,168.0,360.0,0,2,0,5.1239639794,5417.0,8.59729743566
142,6950,0.0,1.0,1,0,1,175.0,180.0,0,1,1,5.16478597392,6950.0,8.84649693856
143,2698,2034.0,1.0,1,0,1,122.0,360.0,1,1,0,4.80402104473,4732.0,8.4621032251
144,11757,0.0,1.0,3,0,1,187.0,180.0,1,2,0,5.23110861685,11757.0,9.37220408687
145,2330,4486.0,1.0,1,0,0,100.0,360.0,1,1,0,4.60517018599,6816.0,8.82702806851
146,14866,0.0,1.0,3,0,0,70.0,360.0,1,2,0,4.24849524205,14866.0,9.60683200529
147,1538,1425.0,1.0,2,0,1,30.0,360.0,1,2,0,3.40119738166,2963.0,7.99395754757
148,10000,1666.0,1.0,1,0,0,225.0,360.0,0,0,0,5.4161004022,11666.0,9.36443390731
149,4860,830.0,1.0,1,0,1,125.0,360.0,1,1,0,4.8283137373,5690.0,8.64646552712
150,6277,0.0,0.0,1,0,1,118.0,360.0,0,0,0,4.77068462447,6277.0,8.74464743832
151,2577,3750.0,1.0,1,0,1,152.0,360.0,1,0,1,5.02388052085,6327.0,8.75258146915
152,9166,0.0,1.0,1,0,1,244.0,360.0,0,2,0,5.49716822529,9166.0,9.12325626507
153,2281,0.0,1.0,3,1,1,113.0,360.0,1,0,0,4.72738781871,2281.0,7.73236922228
154,3254,0.0,1.0,1,0,1,50.0,360.0,0,2,0,3.91202300543,3254.0,8.08764028778
155,39999,0.0,0.0,4,0,1,600.0,180.0,1,1,0,6.39692965522,39999.0,10.5966097328
156,6000,0.0,1.0,2,0,1,160.0,360.0,1,0,0,5.07517381523,6000.0,8.69951474821
157,9538,0.0,1.0,2,0,1,187.0,360.0,1,2,0,5.23110861685,9538.0,9.16303909886
158,2980,2083.0,1.0,1,0,1,120.0,360.0,0,0,0,4.78749174278,5063.0,8.52971447197
159,4583,5625.0,1.0,1,0,1,255.0,360.0,1,1,0,5.54126354516,10208.0,9.23092700558
160,1863,1041.0,1.0,1,1,1,98.0,360.0,1,1,0,4.58496747867,2904.0,7.97384437594
161,7933,0.0,1.0,1,0,1,275.0,360.0,1,2,0,5.61677109767,7933.0,8.9787865533
162,3089,1280.0,0.0,2,0,1,121.0,360.0,1,1,0,4.7957905456,4369.0,8.38228942895
163,4167,1447.0,1.0,3,0,1,158.0,360.0,1,0,0,5.06259503303,5614.0,8.63301875692
164,9323,0.0,1.0,1,0,1,75.0,180.0,1,2,0,4.31748811354,9323.0,9.1402397443
165,3707,3166.0,1.0,1,0,1,182.0,342.201873049,1,0,0,5.20400668708,6873.0,8.83535597112
166,4583,0.0,1.0,1,0,0,112.0,360.0,1,0,0,4.7184988713,4583.0,8.43010908451
167,2439,3333.0,1.0,1,0,1,129.0,360.0,1,0,0,4.85981240436,5772.0,8.66077391989
168,2237,0.0,0.0,1,0,1,63.0,480.0,0,1,0,4.14313472639,2237.0,7.71289096149
169,8000,0.0,1.0,3,0,1,200.0,360.0,1,1,0,5.29831736655,8000.0,8.98719682066
170,1820,1769.0,1.0,1,1,1,95.0,360.0,1,0,0,4.5538768916,3589.0,8.18562889115
171,51763,0.0,1.0,4,0,1,700.0,300.0,1,2,0,6.55108033504,51763.0,10.8544308873
172,3522,0.0,1.0,4,1,1,81.0,180.0,1,0,0,4.39444915467,3522.0,8.16678428906
173,5708,5625.0,1.0,1,0,1,187.0,360.0,1,1,0,5.23110861685,11333.0,9.33547410273
174,4344,736.0,1.0,1,1,1,87.0,360.0,1,1,1,4.46590811865,5080.0,8.53306654057
175,3497,1964.0,1.0,1,0,1,116.0,360.0,1,0,0,4.75359019111,5461.0,8.60538720215
176,2045,1619.0,1.0,3,0,1,101.0,360.0,1,0,0,4.61512051684,3664.0,8.20631072579
177,5516,11300.0,0.0,4,0,1,495.0,360.0,1,1,0,6.20455776257,16816.0,9.73008609312
178,3750,0.0,1.0,2,0,1,116.0,360.0,1,1,0,4.75359019111,3750.0,8.22951111896
179,2333,1451.0,0.0,1,1,1,102.0,480.0,0,2,0,4.62497281328,3784.0,8.23853693017
180,6400,7250.0,0.0,2,0,1,180.0,360.0,1,2,0,5.19295685089,13650.0,9.52149480061
181,1916,5063.0,1.0,1,0,1,67.0,360.0,0,0,0,4.20469261939,6979.0,8.85066091902
182,4600,0.0,1.0,1,0,1,73.0,180.0,1,1,0,4.29045944115,4600.0,8.43381158248
183,33846,0.0,1.0,2,0,1,260.0,360.0,1,1,0,5.56068163102,33846.0,10.429576103
184,3625,0.0,1.0,1,0,0,108.0,360.0,1,1,0,4.68213122712,3625.0,8.19560956729
185,39147,4750.0,1.0,1,0,1,120.0,360.0,1,1,1,4.78749174278,43897.0,10.6896012596
186,2178,0.0,0.0,2,0,1,66.0,300.0,1,0,1,4.18965474203,2178.0,7.68616230349
187,2383,2138.0,1.0,1,0,1,58.0,360.0,1,0,0,4.06044301055,4521.0,8.41648848729
188,674,5296.0,1.0,1,0,1,168.0,360.0,1,0,1,5.1239639794,5970.0,8.69450220639
189,9328,0.0,1.0,1,0,1,188.0,180.0,1,0,0,5.23644196283,9328.0,9.14077590859
190,4885,0.0,1.0,1,1,1,48.0,360.0,0,0,0,3.87120101091,4885.0,8.49392456448
191,12000,0.0,1.0,1,0,1,164.0,360.0,0,1,0,5.09986642782,12000.0,9.39266192877
192,6033,0.0,1.0,1,1,1,160.0,360.0,1,2,0,5.07517381523,6033.0,8.70499967844
193,3858,0.0,1.0,1,0,1,76.0,360.0,0,1,0,4.33073334029,3858.0,8.25790419347
194,4191,0.0,1.0,1,0,1,120.0,360.0,0,0,0,4.78749174278,4191.0,8.34069464793
195,3125,2583.0,1.0,2,0,1,170.0,360.0,1,1,0,5.13579843705,5708.0,8.6496239786
196,8333,3750.0,1.0,1,0,1,187.0,360.0,0,0,0,5.23110861685,12083.0,9.39955478503
197,1907,2365.0,1.0,1,1,0,120.0,342.201873049,0,2,0,4.78749174278,4272.0,8.35983738064
198,3416,2816.0,1.0,1,0,0,113.0,360.0,1,1,0,4.72738781871,6232.0,8.73745258755
199,11000,0.0,1.0,1,0,1,83.0,360.0,0,2,1,4.4188406078,11000.0,9.30565055178
200,2600,2500.0,1.0,2,1,1,90.0,360.0,1,1,0,4.49980967033,5100.0,8.53699581871
201,4923,0.0,0.0,3,0,1,166.0,360.0,0,1,0,5.11198778836,4923.0,8.50167337976
202,3992,0.0,1.0,4,1,1,117.0,180.0,1,2,0,4.7621739348,3992.0,8.29204763743
203,3500,1083.0,1.0,2,1,1,135.0,360.0,1,2,0,4.90527477844,4583.0,8.43010908451
204,3917,0.0,1.0,3,1,1,124.0,360.0,1,1,0,4.82028156561,3917.0,8.27308133367
205,4408,0.0,1.0,1,1,0,120.0,360.0,0,1,0,4.78749174278,4408.0,8.39117635083
206,3244,0.0,1.0,1,0,0,80.0,360.0,0,2,0,4.38202663467,3244.0,8.08456241524
207,3975,2531.0,1.0,1,1,1,55.0,360.0,0,0,0,4.00733318523,6506.0,8.78048010703
208,2479,0.0,1.0,1,0,1,59.0,360.0,0,2,0,4.07753744391,2479.0,7.81561053204
209,3418,0.0,1.0,1,0,1,127.0,360.0,0,1,0,4.84418708646,3418.0,8.13681086368
210,10000,0.0,1.0,1,0,0,214.0,360.0,0,1,0,5.36597601502,10000.0,9.21034037198
211,3430,1250.0,0.0,4,0,1,128.0,360.0,1,1,0,4.85203026392,4680.0,8.45105338891
212,7787,0.0,1.0,2,0,1,240.0,360.0,1,2,1,5.48063892334,7787.0,8.96021095558
213,5703,0.0,1.0,4,1,1,130.0,360.0,1,0,1,4.86753445046,5703.0,8.64874763116
214,3173,3021.0,1.0,1,0,1,137.0,360.0,1,2,0,4.91998092583,6194.0,8.73133636053
215,3850,983.0,1.0,4,1,1,100.0,360.0,1,1,0,4.60517018599,4833.0,8.48322267185
216,150,1800.0,1.0,1,0,1,135.0,360.0,1,0,0,4.90527477844,1950.0,7.57558465156
217,3727,1775.0,1.0,1,0,1,131.0,360.0,1,1,0,4.8751973232,5502.0,8.61286694148
218,5000,0.0,0.0,3,0,1,72.0,360.0,1,1,0,4.27666611902,5000.0,8.51719319142
219,4283,2383.0,1.0,3,0,0,127.0,360.0,1,1,0,4.84418708646,6666.0,8.80477525887
220,2221,0.0,0.0,1,0,1,60.0,360.0,1,2,0,4.09434456222,2221.0,7.70571282389
221,4009,1717.0,1.0,3,0,1,116.0,360.0,1,1,0,4.75359019111,5726.0,8.65277248566
222,2971,2791.0,1.0,1,0,1,144.0,360.0,0,1,0,4.96981329958,5762.0,8.65903991564
223,7578,1010.0,1.0,1,0,1,175.0,342.201873049,1,1,0,5.16478597392,8588.0,9.058121159
224,6250,0.0,1.0,1,0,1,128.0,360.0,1,1,0,4.85203026392,6250.0,8.74033674273
225,3250,0.0,1.0,1,0,1,170.0,360.0,1,0,0,5.13579843705,3250.0,8.08641027532
226,4735,0.0,1.0,0,1,1,138.0,360.0,1,2,1,4.92725368516,4735.0,8.46273700562
227,6250,1695.0,1.0,3,0,1,210.0,360.0,1,1,0,5.34710753072,7945.0,8.98029807897
228,4758,0.0,1.0,0,0,1,158.0,480.0,1,1,0,5.06259503303,4758.0,8.46758269086
229,6400,0.0,1.0,1,0,1,200.0,360.0,0,0,1,5.29831736655,6400.0,8.76405326935
230,2491,2054.0,1.0,2,0,1,104.0,360.0,1,1,0,4.64439089914,4545.0,8.42178300661
231,3716,0.0,1.0,1,0,1,42.0,180.0,1,0,0,3.73766961828,3716.0,8.22040309993
232,3189,2598.0,1.0,1,1,1,120.0,342.201873049,0,0,0,4.78749174278,5787.0,8.66336930157
233,8333,0.0,1.0,1,0,0,280.0,360.0,0,1,0,5.63478960317,8333.0,9.02797881438
234,3155,1779.0,1.0,2,0,1,140.0,360.0,1,1,0,4.94164242261,4934.0,8.50390529709
235,5500,1260.0,1.0,2,0,1,170.0,360.0,1,0,0,5.13579843705,6760.0,8.81877816904
236,5746,0.0,1.0,1,0,1,255.0,360.0,1,2,0,5.54126354516,5746.0,8.65625923954
237,3463,0.0,1.0,1,0,0,122.0,360.0,0,2,1,4.80402104473,3463.0,8.1498905444
238,3812,0.0,1.0,2,0,0,112.0,360.0,0,0,0,4.7184988713,3812.0,8.24590926477
239,3315,0.0,1.0,2,0,1,96.0,360.0,1,1,0,4.56434819147,3315.0,8.10621290262
240,5819,5000.0,1.0,3,0,1,120.0,360.0,1,0,0,4.78749174278,10819.0,9.28905912669
241,2510,1983.0,1.0,2,1,1,140.0,180.0,1,2,0,4.94164242261,4493.0,8.41027590907
242,2965,5701.0,1.0,1,0,1,155.0,60.0,0,2,0,5.04342511692,8666.0,9.0671626023
243,6250,1300.0,1.0,3,0,1,108.0,360.0,1,0,1,4.68213122712,7550.0,8.92930284224
244,3406,4417.0,1.0,1,1,1,123.0,360.0,1,1,0,4.81218435537,7823.0,8.96482339169
245,6050,4333.0,1.0,1,0,1,120.0,180.0,0,2,1,4.78749174278,10383.0,9.2479251323
246,9703,0.0,1.0,3,0,1,112.0,360.0,1,2,0,4.7184988713,9703.0,9.18019039503
247,6608,0.0,1.0,2,1,1,137.0,180.0,1,2,0,4.91998092583,6608.0,8.7960363152
248,2882,1843.0,1.0,2,0,1,123.0,480.0,1,1,0,4.81218435537,4725.0,8.46062283993
249,1809,1868.0,1.0,1,0,1,90.0,360.0,1,2,0,4.49980967033,3677.0,8.2098524813
250,1668,3890.0,0.0,1,1,1,201.0,360.0,1,1,0,5.30330490806,5558.0,8.6229936103
251,3427,0.0,1.0,3,0,0,138.0,360.0,0,2,0,4.92725368516,3427.0,8.13944052187
252,2583,2167.0,1.0,1,1,1,104.0,360.0,0,0,1,4.64439089914,4750.0,8.46589989703
253,2661,7101.0,1.0,2,1,1,279.0,180.0,1,1,0,5.63121178182,9762.0,9.18625257645
254,16250,0.0,0.0,1,0,1,192.0,360.0,0,2,1,5.25749537203,16250.0,9.69584818776
255,3083,0.0,1.0,4,0,0,255.0,360.0,0,0,0,5.54126354516,3083.0,8.03365842789
256,6045,0.0,0.0,1,1,1,115.0,360.0,0,0,0,4.74493212836,6045.0,8.70698676305
257,5250,0.0,1.0,4,0,1,94.0,360.0,1,2,0,4.54329478227,5250.0,8.56598335559
258,14683,2100.0,1.0,1,0,1,304.0,360.0,1,0,0,5.71702770141,16783.0,9.72812174831
259,4931,0.0,1.0,4,1,1,128.0,360.0,1,1,0,4.85203026392,4931.0,8.50329708622
260,6083,4250.0,1.0,2,0,1,330.0,360.0,1,2,0,5.79909265446,10333.0,9.24309793621
261,2060,2209.0,1.0,1,0,1,134.0,360.0,0,1,0,4.89783979995,4269.0,8.35913488676
262,3481,0.0,1.0,2,0,0,155.0,36.0,0,1,0,5.04342511692,3481.0,8.15507488781
263,7200,0.0,1.0,1,0,0,120.0,360.0,0,0,0,4.78749174278,7200.0,8.881836305
264,5166,0.0,1.0,1,0,1,128.0,360.0,0,1,1,4.85203026392,5166.0,8.54985397366
265,4095,3447.0,1.0,1,0,1,151.0,360.0,0,0,0,5.01727983681,7542.0,8.92824267782
266,4708,1387.0,1.0,3,0,1,150.0,360.0,1,1,0,5.0106352941,6095.0,8.71522404192
267,4333,1811.0,0.0,4,0,1,160.0,360.0,1,2,0,5.07517381523,6144.0,8.72323127483
268,3418,0.0,1.0,1,0,0,135.0,360.0,0,0,0,4.90527477844,3418.0,8.13681086368
269,2876,1560.0,1.0,2,0,0,90.0,360.0,0,2,0,4.49980967033,4436.0,8.39750834847
270,3237,0.0,1.0,1,0,0,30.0,360.0,0,2,0,3.40119738166,3237.0,8.08240225393
271,11146,0.0,1.0,1,0,1,136.0,360.0,1,2,0,4.91265488574,11146.0,9.31883596813
272,2833,1857.0,1.0,1,0,1,126.0,360.0,0,0,0,4.83628190695,4690.0,8.45318786144
273,2620,2223.0,1.0,1,0,1,150.0,360.0,1,1,0,5.0106352941,4843.0,8.4852896424
274,3900,0.0,1.0,3,0,1,90.0,360.0,1,1,0,4.49980967033,3900.0,8.26873183212
275,2750,1842.0,1.0,2,0,1,115.0,360.0,1,1,0,4.74493212836,4592.0,8.432070938
276,3993,3274.0,1.0,1,0,1,207.0,360.0,1,1,0,5.33271879327,7267.0,8.89109883062
277,3103,1300.0,1.0,1,0,1,80.0,360.0,1,2,0,4.38202663467,4403.0,8.39004140576
278,14583,0.0,1.0,1,0,1,436.0,360.0,1,1,0,6.07764224335,14583.0,9.58761174571
279,4100,0.0,1.0,1,1,0,124.0,360.0,1,0,0,4.82028156561,4100.0,8.31874225269
280,4053,2426.0,0.0,2,1,1,158.0,360.0,0,2,1,5.06259503303,6479.0,8.77632145645
281,3927,800.0,1.0,1,0,1,112.0,360.0,1,1,0,4.7184988713,4727.0,8.46104603079
282,2301,985.7999878,1.0,3,0,1,78.0,180.0,1,2,0,4.35670882669,3286.7999878,8.09766972235
283,1811,1666.0,1.0,1,0,0,54.0,360.0,0,2,0,3.98898404656,3477.0,8.15392513201
284,20667,0.0,1.0,1,0,1,130.0,360.0,1,0,0,4.86753445046,20667.0,9.93629350426
285,3158,3053.0,1.0,1,0,1,89.0,360.0,0,0,0,4.48863636973,6211.0,8.73407719256
286,2600,1717.0,1.0,1,0,0,99.0,300.0,0,1,1,4.59511985013,4317.0,8.37031599556
287,3704,2000.0,1.0,1,0,1,120.0,360.0,1,0,0,4.78749174278,5704.0,8.64892296209
288,4124,0.0,1.0,1,0,0,115.0,360.0,0,1,0,4.74493212836,4124.0,8.32457884514
289,9508,0.0,1.0,1,0,1,187.0,360.0,0,0,0,5.23110861685,9508.0,9.15988882848
290,3075,2416.0,1.0,1,0,1,139.0,360.0,1,0,0,4.93447393313,5491.0,8.61086566728
291,4400,0.0,0.0,3,0,1,127.0,360.0,1,1,0,4.84418708646,4400.0,8.38935981991
292,3153,1560.0,1.0,3,0,1,134.0,360.0,1,2,0,4.89783979995,4713.0,8.45807992692
293,5417,0.0,0.0,0,0,0,143.0,480.0,0,2,0,4.96284463026,5417.0,8.59729743566
294,2383,3334.0,1.0,1,0,1,172.0,360.0,1,1,0,5.14749447681,5717.0,8.65119947126
295,4416,1250.0,1.0,4,0,1,110.0,360.0,1,2,0,4.70048036579,5666.0,8.64223868039
296,6875,0.0,1.0,2,0,1,200.0,360.0,1,1,0,5.29831736655,6875.0,8.83564692253
297,4666,0.0,1.0,2,0,0,135.0,360.0,1,2,0,4.90527477844,4666.0,8.44805745258
298,5000,2541.0,1.0,1,0,0,151.0,480.0,0,0,0,5.01727983681,7541.0,8.9281100782
299,2014,2925.0,1.0,2,0,1,113.0,360.0,1,2,0,4.72738781871,4939.0,8.50491816054
300,1800,2934.0,0.0,1,1,1,93.0,360.0,1,2,0,4.53259949315,4734.0,8.46252579007
301,2875,1750.0,1.0,0,1,1,105.0,360.0,1,1,0,4.65396035016,4625.0,8.43923164995
302,5000,0.0,1.0,1,0,0,132.0,360.0,0,0,0,4.88280192259,5000.0,8.51719319142
303,1625,1803.0,1.0,2,0,1,96.0,360.0,1,2,0,4.56434819147,3428.0,8.13973227972
304,4000,2500.0,1.0,1,0,1,140.0,360.0,0,0,0,4.94164242261,6500.0,8.77955745588
305,2000,0.0,1.0,1,1,1,117.0,360.0,0,2,0,4.7621739348,2000.0,7.60090245954
306,3762,1666.0,1.0,1,0,0,135.0,360.0,0,0,0,4.90527477844,5428.0,8.59932602095
307,2400,1863.0,0.0,1,0,0,104.0,360.0,0,2,0,4.64439089914,4263.0,8.35772841677
308,20233,0.0,1.0,1,0,1,480.0,360.0,0,0,0,6.1737861039,20233.0,9.91507021378
309,7667,0.0,1.0,3,1,1,185.0,360.0,1,0,0,5.22035582508,7667.0,8.94468068356
310,2917,0.0,1.0,1,0,0,84.0,360.0,0,1,0,4.43081679884,2917.0,7.97831096987
311,2927,2405.0,1.0,1,1,1,111.0,360.0,0,1,0,4.70953020131,5332.0,8.5814816813
312,2507,0.0,1.0,1,0,0,56.0,360.0,0,0,0,4.02535169074,2507.0,7.82684209816
313,5746,0.0,1.0,3,0,1,144.0,84.0,1,0,1,4.96981329958,5746.0,8.65625923954
314,2473,1843.0,1.0,1,0,1,159.0,360.0,1,0,0,5.06890420222,4316.0,8.37008432638
315,3399,1640.0,1.0,2,1,1,111.0,180.0,1,2,0,4.70953020131,5039.0,8.52496292868
316,3717,0.0,1.0,3,0,1,120.0,360.0,1,1,0,4.78749174278,3717.0,8.2206721703
317,2058,2134.0,1.0,1,0,1,88.0,360.0,1,2,0,4.47733681448,4192.0,8.340933226
318,3541,0.0,1.0,2,0,0,112.0,360.0,0,1,0,4.7184988713,3541.0,8.17216445211
319,10000,0.0,1.0,2,0,1,155.0,360.0,1,0,1,5.04342511692,10000.0,9.21034037198
320,2400,2167.0,1.0,1,0,1,115.0,360.0,1,1,0,4.74493212836,4567.0,8.42661181318
321,4342,189.0,1.0,4,0,1,124.0,360.0,1,1,0,4.82028156561,4531.0,8.41869794467
322,3601,1590.0,1.0,3,1,1,117.0,360.0,1,0,0,4.7621739348,5191.0,8.55468163583
323,3166,2985.0,1.0,1,0,0,132.0,360.0,0,0,0,4.88280192259,6151.0,8.72436994921
324,15000,0.0,1.0,4,0,1,300.0,360.0,1,0,0,5.70378247466,15000.0,9.61580548008
325,8666,4983.0,0.0,2,0,1,376.0,360.0,1,0,1,5.92958914339,13649.0,9.52142153786
326,4917,0.0,0.0,1,0,1,130.0,360.0,0,0,0,4.86753445046,4917.0,8.50045386741
327,5818,2160.0,1.0,1,0,1,184.0,360.0,1,1,1,5.21493575761,7978.0,8.98444303247
328,4333,2451.0,1.0,1,0,0,110.0,360.0,1,2,0,4.70048036579,6784.0,8.82232217747
329,2500,0.0,1.0,1,0,0,67.0,360.0,0,2,0,4.20469261939,2500.0,7.82404601086
330,4384,1793.0,1.0,2,0,1,117.0,360.0,0,2,0,4.7621739348,6177.0,8.7285879957
331,2935,0.0,1.0,1,0,1,98.0,360.0,0,1,0,4.58496747867,2935.0,7.98446273226
332,2833,0.0,1.0,0,0,1,71.0,360.0,0,2,0,4.26267987704,2833.0,7.94909149983
333,63337,0.0,1.0,1,0,1,490.0,180.0,1,2,0,6.1944053911,63337.0,11.0562249555
334,9833,1833.0,1.0,2,0,1,182.0,180.0,1,2,1,5.20400668708,11666.0,9.36443390731
335,5503,4490.0,1.0,0,0,1,70.0,342.201873049,1,1,1,4.24849524205,9993.0,9.20964012686
336,5250,688.0,1.0,2,0,1,160.0,360.0,1,0,0,5.07517381523,5938.0,8.68912765532
337,2500,4600.0,1.0,3,0,1,176.0,360.0,1,0,1,5.17048399504,7100.0,8.86785006303
338,1830,0.0,0.0,4,1,0,117.0,360.0,0,2,0,4.7621739348,1830.0,7.51207124584
339,4160,0.0,1.0,1,0,0,71.0,360.0,0,1,0,4.26267987704,4160.0,8.33327035326
340,2647,1587.0,1.0,4,1,1,173.0,360.0,1,0,0,5.1532915945,4234.0,8.35090245169
341,2378,0.0,1.0,1,0,0,46.0,360.0,0,0,0,3.82864139649,2378.0,7.77401507725
342,4554,1229.0,1.0,2,1,1,158.0,360.0,1,2,0,5.06259503303,5783.0,8.66267785816
343,3173,0.0,1.0,4,1,1,74.0,360.0,1,1,0,4.3040650932,3173.0,8.06243279158
344,2583,2330.0,1.0,3,0,1,125.0,360.0,1,0,0,4.8283137373,4913.0,8.49964003217
345,2499,2458.0,1.0,1,0,1,160.0,360.0,1,1,0,5.07517381523,4957.0,8.50855599802
346,3523,3230.0,0.0,0,1,1,152.0,360.0,1,0,0,5.02388052085,6753.0,8.81774212957
347,3083,2168.0,1.0,3,1,1,126.0,360.0,1,2,0,4.83628190695,5251.0,8.56617381364
348,6333,4583.0,1.0,1,0,1,259.0,360.0,1,1,0,5.5568280617,10916.0,9.29798488183
349,2625,6250.0,1.0,1,0,1,187.0,360.0,1,0,0,5.23110861685,8875.0,9.09099361434
350,9083,0.0,1.0,1,0,1,228.0,360.0,1,1,0,5.42934562895,9083.0,9.1141598135
351,8750,4167.0,1.0,1,0,1,308.0,360.0,0,0,0,5.73009978297,12917.0,9.46629955223
352,2666,2083.0,1.0,4,0,1,95.0,360.0,1,0,0,4.5538768916,4749.0,8.46568934855
353,5500,0.0,0.0,1,0,0,105.0,360.0,1,0,1,4.65396035016,5500.0,8.61250337122
354,2423,505.0,1.0,1,0,0,130.0,360.0,1,1,0,4.86753445046,2928.0,7.98207487508
355,3813,0.0,1.0,0,0,0,116.0,180.0,0,2,0,4.75359019111,3813.0,8.24617155986
356,8333,3167.0,1.0,3,0,1,165.0,360.0,1,0,0,5.1059454739,11500.0,9.35010231435
357,3875,0.0,1.0,2,0,1,67.0,360.0,1,2,0,4.20469261939,3875.0,8.26230094179
358,3000,1666.0,0.0,1,1,1,100.0,480.0,1,2,0,4.60517018599,4666.0,8.44805745258
359,5167,3167.0,1.0,4,0,1,200.0,360.0,1,1,0,5.29831736655,8334.0,9.02809881198
360,4723,0.0,1.0,2,0,0,81.0,360.0,0,1,0,4.39444915467,4723.0,8.4601994699
361,5000,3667.0,1.0,3,0,1,236.0,360.0,1,1,0,5.46383180503,8667.0,9.06727798913
362,4750,2333.0,1.0,1,0,1,130.0,360.0,1,2,0,4.86753445046,7083.0,8.86545282575
363,3013,3033.0,1.0,1,0,1,95.0,300.0,1,2,0,4.5538768916,6046.0,8.70715217534
364,6822,0.0,1.0,1,0,1,141.0,360.0,0,0,1,4.94875989038,6822.0,8.82790796298
365,6216,0.0,1.0,1,1,1,133.0,360.0,0,0,0,4.89034912822,6216.0,8.73488189205
366,2500,0.0,1.0,1,0,1,96.0,480.0,0,1,0,4.56434819147,2500.0,7.82404601086
367,5124,0.0,0.0,1,0,1,124.0,342.201873049,0,0,0,4.82028156561,5124.0,8.54169066302
368,6325,0.0,1.0,2,0,1,175.0,360.0,1,1,0,5.16478597392,6325.0,8.7522653136
369,19730,5266.0,1.0,1,0,1,570.0,360.0,1,0,0,6.34563636083,24996.0,10.126471091
370,15759,0.0,1.0,1,0,0,55.0,360.0,0,1,1,4.00733318523,15759.0,9.66516690962
371,5185,0.0,1.0,3,0,1,155.0,360.0,1,1,0,5.04342511692,5185.0,8.55352512066
372,9323,7873.0,1.0,3,0,1,380.0,300.0,1,0,1,5.94017125272,17196.0,9.75243207762
373,3062,1987.0,0.0,2,0,1,111.0,180.0,0,2,0,4.70953020131,5049.0,8.52694548286
374,2764,1459.0,1.0,1,0,0,110.0,360.0,0,2,0,4.70048036579,4223.0,8.34830105493
375,4817,923.0,1.0,1,0,1,120.0,180.0,1,2,0,4.78749174278,5740.0,8.65521448931
376,8750,4996.0,1.0,4,0,1,130.0,360.0,1,0,0,4.86753445046,13746.0,9.52850315168
377,4310,0.0,1.0,1,0,1,130.0,360.0,1,1,0,4.86753445046,4310.0,8.3686931831
378,3069,0.0,1.0,1,0,1,71.0,480.0,0,2,0,4.26267987704,3069.0,8.02910705462
379,5391,0.0,1.0,3,0,1,130.0,360.0,1,2,0,4.86753445046,5391.0,8.59248617545
380,3333,2500.0,1.0,1,0,1,128.0,360.0,1,1,0,4.85203026392,5833.0,8.67128672675
381,5941,4232.0,1.0,1,0,1,296.0,360.0,0,1,0,5.69035945432,10173.0,9.22749243079
382,6000,0.0,1.0,1,0,0,156.0,360.0,0,2,0,5.04985600725,6000.0,8.69951474821
383,7167,0.0,1.0,1,0,1,128.0,360.0,0,2,1,4.85203026392,7167.0,8.87724243599
384,4566,0.0,1.0,3,0,1,100.0,360.0,1,2,0,4.60517018599,4566.0,8.42639282709
385,3667,0.0,1.0,2,0,1,113.0,180.0,0,2,0,4.72738781871,3667.0,8.20712916807
386,2346,1600.0,1.0,1,1,1,132.0,360.0,0,1,0,4.88280192259,3946.0,8.28045768658
387,3010,3136.0,0.0,1,1,1,117.0,360.0,1,2,0,4.7621739348,6146.0,8.72355674269
388,2333,2417.0,1.0,1,0,1,136.0,360.0,1,2,0,4.91265488574,4750.0,8.46589989703
389,5488,0.0,1.0,1,0,1,125.0,360.0,1,0,0,4.8283137373,5488.0,8.61031916941
390,9167,0.0,1.0,4,0,1,185.0,360.0,0,0,0,5.22035582508,9167.0,9.12336535796
391,9504,0.0,1.0,4,0,1,275.0,360.0,1,0,0,5.61677109767,9504.0,9.1594680416
392,2583,2115.0,1.0,1,0,1,120.0,360.0,1,2,0,4.78749174278,4698.0,8.45489216522
393,1993,1625.0,1.0,3,1,1,113.0,180.0,1,1,0,4.72738781871,3618.0,8.19367666596
394,3100,1400.0,1.0,3,0,1,113.0,360.0,1,2,0,4.72738781871,4500.0,8.41183267576
395,3276,484.0,1.0,3,0,1,135.0,360.0,1,1,0,4.90527477844,3760.0,8.23217423638
396,3180,0.0,0.0,1,0,0,71.0,360.0,0,2,0,4.26267987704,3180.0,8.06463647577
397,3033,1459.0,1.0,1,0,1,95.0,360.0,1,2,0,4.5538768916,4492.0,8.41005331586
398,3902,1666.0,1.0,1,1,1,109.0,360.0,0,0,0,4.69134788223,5568.0,8.62479120201
399,1500,1800.0,0.0,1,0,0,103.0,360.0,0,1,0,4.63472898823,3300.0,8.10167774745
400,2889,0.0,0.0,3,1,1,45.0,180.0,1,2,0,3.80666248977,2889.0,7.96866570047
401,2755,0.0,1.0,1,1,1,65.0,300.0,0,0,0,4.1743872699,2755.0,7.92117272159
402,2500,20000.0,1.0,1,0,1,103.0,360.0,0,1,0,4.63472898823,22500.0,10.0212705882
403,1963,0.0,1.0,1,1,0,53.0,360.0,0,1,0,3.97029191355,1963.0,7.58222919428
404,7441,0.0,1.0,1,0,0,194.0,360.0,0,0,1,5.26785815906,7441.0,8.9147605274
405,4547,0.0,1.0,1,0,0,115.0,360.0,0,1,0,4.74493212836,4547.0,8.42222295383
406,2167,2400.0,1.0,1,1,1,115.0,360.0,1,2,0,4.74493212836,4567.0,8.42661181318
407,2213,0.0,1.0,1,1,0,66.0,360.0,0,0,0,4.18965474203,2213.0,7.70210434005
408,8300,0.0,0.0,2,0,1,152.0,300.0,1,1,0,5.02388052085,8300.0,9.02401079378
409,81000,0.0,0.0,4,0,1,360.0,360.0,1,0,0,5.88610403145,81000.0,11.3022044337
410,3867,0.0,1.0,2,1,0,62.0,360.0,0,1,1,4.12713438505,3867.0,8.26023429161
411,6256,0.0,1.0,1,0,1,160.0,360.0,1,2,0,5.07517381523,6256.0,8.74129628223
412,6096,0.0,0.0,1,1,1,218.0,360.0,1,0,0,5.38449506279,6096.0,8.71538809737
413,2253,2033.0,1.0,1,1,1,110.0,360.0,1,0,0,4.70048036579,4286.0,8.36310917603
414,2149,3237.0,0.0,1,1,0,178.0,360.0,1,1,0,5.18178355029,5386.0,8.59155827337
415,2995,0.0,1.0,1,0,0,60.0,360.0,0,2,0,4.09434456222,2995.0,8.00469951055
416,2600,0.0,1.0,2,0,0,160.0,360.0,0,2,0,5.07517381523,2600.0,7.86326672401
417,1600,20000.0,1.0,3,0,1,239.0,360.0,1,2,1,5.47646355193,21600.0,9.98044859367
418,1025,2773.0,1.0,1,0,1,112.0,360.0,1,0,0,4.7184988713,3798.0,8.24222989137
419,3246,1417.0,1.0,1,0,1,138.0,360.0,1,1,0,4.92725368516,4663.0,8.44741429681
420,5829,0.0,1.0,1,0,1,138.0,360.0,1,0,0,4.92725368516,5829.0,8.67060073805
421,2720,0.0,0.0,1,1,0,80.0,342.201873049,0,2,0,4.38202663467,2720.0,7.90838715929
422,1820,1719.0,1.0,1,0,1,100.0,360.0,1,2,0,4.60517018599,3539.0,8.17159948035
423,7250,1667.0,0.0,2,0,1,110.0,342.201873049,1,2,0,4.70048036579,8917.0,9.09571484613
424,14880,0.0,1.0,1,0,1,96.0,360.0,1,1,0,4.56434819147,14880.0,9.60777330839
425,2666,4300.0,1.0,1,0,1,121.0,360.0,1,0,0,4.7957905456,6966.0,8.84879645093
426,4606,0.0,1.0,2,1,0,81.0,360.0,0,0,0,4.39444915467,4606.0,8.43511508038
427,5935,0.0,1.0,3,0,1,133.0,360.0,1,1,0,4.89034912822,5935.0,8.68862230704
428,2920,16.12000084,1.0,1,0,1,87.0,360.0,1,0,0,4.46590811865,2936.12000084,7.98484426112
429,2717,0.0,1.0,1,1,1,60.0,180.0,0,2,0,4.09434456222,2717.0,7.90728360943
430,8624,0.0,1.0,2,0,0,150.0,360.0,0,1,1,5.0106352941,8624.0,9.06230429315
431,6500,0.0,0.0,1,0,1,105.0,360.0,0,0,0,4.65396035016,6500.0,8.77955745588
432,12876,0.0,1.0,1,0,1,405.0,360.0,0,1,0,6.00388706711,12876.0,9.46312039242
433,2425,2340.0,1.0,1,0,1,143.0,360.0,1,1,0,4.96284463026,4765.0,8.46905281609
434,3750,0.0,1.0,1,0,1,100.0,360.0,0,2,0,4.60517018599,3750.0,8.22951111896
435,10047,0.0,1.0,0,0,0,130.0,240.0,1,1,0,4.86753445046,10047.0,9.21502936146
436,1926,1851.0,1.0,1,0,1,50.0,360.0,0,1,0,3.91202300543,3777.0,8.23668532271
437,2213,1125.0,1.0,1,0,1,130.0,360.0,1,2,0,4.86753445046,3338.0,8.11312710422
438,10416,0.0,0.0,1,0,1,187.0,360.0,0,2,1,5.23110861685,10416.0,9.25109836445
439,7142,0.0,1.0,1,1,0,138.0,360.0,1,0,1,4.92725368516,7142.0,8.87374812815
440,3660,5064.0,1.0,1,0,1,187.0,360.0,0,1,0,5.23110861685,8724.0,9.07383312732
441,7901,1833.0,1.0,1,0,1,180.0,360.0,1,0,0,5.19295685089,9734.0,9.18338019039
442,4707,1993.0,1.0,4,1,1,148.0,360.0,0,1,0,4.99721227376,6700.0,8.80986280538
443,37719,0.0,1.0,2,0,1,152.0,360.0,0,1,0,5.02388052085,37719.0,10.5379192253
444,7333,8333.0,1.0,1,0,1,175.0,300.0,1,0,0,5.16478597392,15666.0,9.65924803793
445,3466,1210.0,1.0,2,0,1,130.0,360.0,1,0,1,4.86753445046,4676.0,8.45019832259
446,4652,0.0,1.0,3,1,1,110.0,360.0,1,0,0,4.70048036579,4652.0,8.44505251364
447,3539,1376.0,1.0,1,0,1,55.0,360.0,1,0,0,4.00733318523,4915.0,8.50004703258
448,3340,1710.0,0.0,3,0,1,150.0,360.0,1,0,0,5.0106352941,5050.0,8.52714352227
449,2769,1542.0,1.0,2,1,1,190.0,360.0,0,1,1,5.24702407216,4311.0,8.36892517475
450,2309,1255.0,0.0,3,1,1,125.0,360.0,1,0,0,4.8283137373,3564.0,8.17863878859
451,1958,1456.0,1.0,3,1,1,60.0,300.0,1,2,0,4.09434456222,3414.0,8.13563990335
452,3948,1733.0,0.0,1,0,1,149.0,360.0,1,0,0,5.00394630595,5681.0,8.64488255256
453,2483,2466.0,0.0,1,0,1,90.0,180.0,1,0,0,4.49980967033,4949.0,8.50694081495
454,7085,0.0,1.0,1,0,1,84.0,360.0,0,1,1,4.43081679884,7085.0,8.86573515212
455,3859,0.0,1.0,3,0,1,96.0,360.0,1,1,0,4.56434819147,3859.0,8.25816336154
456,4301,0.0,1.0,1,0,1,118.0,360.0,1,2,0,4.77068462447,4301.0,8.36660283278
457,3708,2569.0,1.0,1,0,1,173.0,360.0,1,2,0,5.1532915945,6277.0,8.74464743832
458,4354,0.0,1.0,3,0,1,136.0,360.0,0,0,0,4.91265488574,4354.0,8.37885024179
459,8334,0.0,1.0,1,0,1,160.0,360.0,1,1,0,5.07517381523,8334.0,9.02809881198
460,2083,4083.0,1.0,1,0,1,160.0,360.0,1,1,1,5.07517381523,6166.0,8.72680560845
461,7740,0.0,1.0,4,0,1,128.0,180.0,1,2,0,4.85203026392,7740.0,8.95415696658
462,3015,2188.0,1.0,1,0,1,153.0,360.0,1,0,0,5.03043792139,5203.0,8.55699066129
463,5191,0.0,1.0,2,1,0,132.0,360.0,0,1,0,4.88280192259,5191.0,8.55468163583
464,4166,0.0,0.0,1,0,1,98.0,360.0,0,1,0,4.58496747867,4166.0,8.33471162182
465,6000,0.0,1.0,1,0,1,140.0,360.0,0,0,0,4.94164242261,6000.0,8.69951474821
466,2947,1664.0,0.0,4,1,1,70.0,180.0,1,2,0,4.24849524205,4611.0,8.43620003221
467,16692,0.0,1.0,1,0,1,110.0,360.0,1,1,0,4.70048036579,16692.0,9.72268484171
468,210,2917.0,1.0,3,1,0,98.0,360.0,1,1,0,4.58496747867,3127.0,8.04782935746
469,4333,2451.0,1.0,1,0,1,110.0,360.0,1,2,0,4.70048036579,6784.0,8.82232217747
470,3450,2079.0,1.0,2,0,1,162.0,360.0,1,1,1,5.08759633523,5529.0,8.61776224634
471,2653,1500.0,0.0,2,1,1,113.0,180.0,1,0,0,4.72738781871,4153.0,8.33158624363
472,4691,0.0,1.0,4,0,1,100.0,360.0,1,1,0,4.60517018599,4691.0,8.45340105833
473,2500,0.0,1.0,1,0,0,93.0,360.0,0,2,1,4.53259949315,2500.0,7.82404601086
474,5532,4648.0,1.0,3,0,1,162.0,360.0,0,0,0,5.08759633523,10180.0,9.2281802901
475,16525,1014.0,1.0,3,0,1,150.0,360.0,1,0,1,5.0106352941,17539.0,9.77218225176
476,6700,1750.0,1.0,3,0,1,230.0,300.0,1,1,0,5.43807930892,8450.0,9.04192172035
477,2873,1872.0,0.0,3,0,1,132.0,360.0,1,1,0,4.88280192259,4745.0,8.46484671104
478,16667,2250.0,1.0,2,0,1,86.0,360.0,1,1,1,4.45434729625,18917.0,9.84781626767
479,2947,1603.0,1.0,3,0,1,130.0,360.0,1,2,0,4.86753445046,4550.0,8.42288251194
480,4350,0.0,1.0,1,1,0,154.0,360.0,0,0,0,5.03695260241,4350.0,8.37793112408
481,3095,0.0,1.0,4,1,1,113.0,360.0,1,0,0,4.72738781871,3095.0,8.03754318512
482,2083,3150.0,1.0,1,0,1,128.0,360.0,1,1,0,4.85203026392,5233.0,8.56274000637
483,10833,0.0,1.0,1,0,1,234.0,360.0,1,1,0,5.45532111536,10833.0,9.29035230995
484,8333,0.0,1.0,3,0,1,246.0,360.0,1,1,0,5.50533153593,8333.0,9.02797881438
485,1958,2436.0,1.0,2,1,1,131.0,360.0,1,0,0,4.8751973232,4394.0,8.38799525294
486,3547,0.0,0.0,3,0,1,80.0,360.0,0,0,0,4.38202663467,3547.0,8.17385745477
487,18333,0.0,1.0,2,0,1,500.0,360.0,1,2,0,6.21460809842,18333.0,9.81645799356
488,4583,2083.0,1.0,3,0,1,160.0,360.0,1,1,1,5.07517381523,6666.0,8.80477525887
489,2435,0.0,1.0,1,0,1,75.0,360.0,0,2,0,4.31748811354,2435.0,7.79770203552
490,2699,2785.0,1.0,1,1,1,96.0,360.0,0,1,0,4.56434819147,5484.0,8.60959004068
491,5333,1131.0,1.0,2,1,1,186.0,360.0,1,2,0,5.22574667371,6464.0,8.7740036002
492,3691,0.0,1.0,1,1,1,110.0,360.0,0,0,0,4.70048036579,3691.0,8.21365270303
493,17263,0.0,1.0,1,1,0,225.0,360.0,0,1,1,5.4161004022,17263.0,9.75632076182
494,3597,2157.0,0.0,1,0,1,119.0,360.0,1,0,0,4.77912349311,5754.0,8.65765054411
495,3326,913.0,1.0,2,0,0,105.0,84.0,1,1,0,4.65396035016,4239.0,8.35208267135
496,2600,1700.0,1.0,1,1,1,107.0,360.0,1,0,0,4.67282883446,4300.0,8.36637030168
497,4625,2857.0,1.0,1,0,1,111.0,12.0,1,2,0,4.70953020131,7482.0,8.92025541491
498,2895,0.0,1.0,2,0,1,95.0,360.0,1,1,1,4.5538768916,2895.0,7.97074039001
499,6283,4416.0,0.0,1,0,1,209.0,360.0,0,0,0,5.34233425196,10699.0,9.27790555814
500,645,3683.0,1.0,1,0,0,113.0,480.0,0,0,0,4.72738781871,4328.0,8.37286082053
501,3159,0.0,1.0,1,0,0,100.0,360.0,0,1,0,4.60517018599,3159.0,8.0580108008
502,4865,5624.0,1.0,3,0,1,208.0,360.0,1,1,0,5.3375380797,10489.0,9.25808236796
503,4050,5302.0,1.0,2,1,1,138.0,360.0,1,0,0,4.92725368516,9352.0,9.14334550315
504,3814,1483.0,1.0,1,1,1,124.0,300.0,1,1,0,4.82028156561,5297.0,8.57489590154
505,3510,4416.0,1.0,3,0,1,243.0,360.0,1,0,0,5.49306144334,7926.0,8.97790377375
506,20833,6667.0,1.0,1,0,1,480.0,360.0,1,2,0,6.1737861039,27500.0,10.2219412837
507,3583,0.0,1.0,1,0,1,96.0,360.0,0,2,0,4.56434819147,3583.0,8.1839557173
508,2479,3013.0,1.0,1,0,1,188.0,360.0,1,2,1,5.23644196283,5492.0,8.61104776689
509,13262,0.0,1.0,2,0,0,40.0,360.0,0,2,0,3.68887945411,13262.0,9.49265808193
510,3598,1287.0,1.0,1,1,1,100.0,360.0,0,0,0,4.60517018599,4885.0,8.49392456448
511,6065,2004.0,1.0,2,0,1,250.0,360.0,1,1,0,5.52146091786,8069.0,8.99578483785
512,3283,2035.0,1.0,3,0,1,148.0,360.0,1,2,0,4.99721227376,5318.0,8.5788525718
513,2130,6666.0,1.0,1,0,1,70.0,180.0,1,1,0,4.24849524205,8796.0,9.08205235167
514,5815,3666.0,1.0,1,0,1,311.0,360.0,0,0,0,5.73979291218,9481.0,9.15704507492
515,3466,3428.0,1.0,4,0,1,150.0,360.0,1,0,0,5.0106352941,6894.0,8.83840674708
516,2031,1632.0,1.0,3,0,0,113.0,480.0,1,1,0,4.72738781871,3663.0,8.20603776278
517,3074,1800.0,0.0,0,1,1,123.0,360.0,1,1,0,4.81218435537,4874.0,8.49167023419
518,4683,1915.0,1.0,1,0,1,185.0,360.0,0,1,0,5.22035582508,6598.0,8.79452185179
519,3400,0.0,1.0,1,1,0,95.0,360.0,0,0,0,4.5538768916,3400.0,8.1315307106
520,2192,1742.0,1.0,3,1,1,45.0,360.0,1,1,0,3.80666248977,3934.0,8.27741199895
521,2500,0.0,1.0,1,0,1,55.0,360.0,0,1,0,4.00733318523,2500.0,7.82404601086
522,5677,1424.0,1.0,4,0,1,100.0,360.0,1,0,1,4.60517018599,7101.0,8.86799089818
523,7948,7166.0,1.0,3,0,1,480.0,360.0,1,0,1,6.1737861039,15114.0,9.62337674558
524,4680,2087.0,1.0,1,0,1,130.0,360.0,0,1,0,4.86753445046,6767.0,8.81981313623
525,17500,0.0,1.0,3,0,1,400.0,360.0,1,0,1,5.99146454711,17500.0,9.76995615991
526,3775,0.0,1.0,1,0,1,110.0,360.0,1,1,0,4.70048036579,3775.0,8.23615566168
527,5285,1430.0,0.0,2,1,1,161.0,360.0,1,1,0,5.08140436498,6715.0,8.81209910896
528,2679,1302.0,1.0,2,1,1,94.0,360.0,0,1,0,4.54329478227,3981.0,8.289288323
529,6783,0.0,1.0,1,1,1,130.0,360.0,0,1,0,4.86753445046,6783.0,8.82217476095
530,1025,5500.0,1.0,1,0,1,216.0,360.0,1,0,0,5.37527840768,6525.0,8.78339623219
531,4281,0.0,1.0,4,0,1,100.0,360.0,1,2,0,4.60517018599,4281.0,8.36194190614
532,3588,0.0,0.0,3,0,1,110.0,360.0,0,0,0,4.70048036579,3588.0,8.18535022318
533,11250,0.0,1.0,2,0,1,196.0,360.0,0,1,0,5.27811465923,11250.0,9.32812340763
534,18165,0.0,1.0,1,1,0,125.0,360.0,0,2,1,4.8283137373,18165.0,9.80725194466
535,2550,2042.0,1.0,1,1,1,126.0,360.0,0,0,0,4.83628190695,4592.0,8.432070938
536,6133,3906.0,1.0,1,0,1,324.0,360.0,1,2,0,5.78074351579,10039.0,9.21423278669
537,3617,0.0,1.0,3,0,1,107.0,360.0,0,1,0,4.67282883446,3617.0,8.19340023195
538,2917,536.0,1.0,1,1,1,66.0,360.0,1,0,0,4.18965474203,3453.0,8.14699869739
539,6417,0.0,1.0,4,0,1,157.0,180.0,1,0,0,5.05624580535,6417.0,8.76670599775
540,4608,2845.0,1.0,2,0,0,140.0,180.0,1,1,0,4.94164242261,7453.0,8.91637191488
541,2138,0.0,0.0,1,0,0,99.0,360.0,0,1,0,4.59511985013,2138.0,7.66762609158
542,3652,0.0,1.0,2,0,0,95.0,360.0,0,1,0,4.5538768916,3652.0,8.20303024171
543,2239,2524.0,1.0,2,1,1,128.0,360.0,1,2,0,4.85203026392,4763.0,8.4686330008
544,3017,663.0,1.0,1,1,0,102.0,360.0,1,1,0,4.62497281328,3680.0,8.21066803116
545,2768,1950.0,1.0,1,0,1,155.0,360.0,1,0,0,5.04342511692,4718.0,8.45914025997
546,3358,0.0,1.0,1,1,1,80.0,36.0,0,1,0,4.38202663467,3358.0,8.11910083764
547,2526,1783.0,1.0,1,0,1,145.0,360.0,0,0,0,4.97673374242,4309.0,8.36846113762
548,5000,0.0,0.0,1,0,0,103.0,360.0,0,1,0,4.63472898823,5000.0,8.51719319142
549,2785,2016.0,1.0,1,0,1,110.0,360.0,1,0,0,4.70048036579,4801.0,8.47657950853
550,6633,0.0,0.0,3,0,1,150.0,360.0,1,0,1,5.0106352941,6633.0,8.79981246953
551,2492,2375.0,1.0,2,1,1,117.0,360.0,1,0,0,4.7621739348,4867.0,8.49023300983
552,3333,3250.0,1.0,2,0,1,158.0,360.0,1,2,0,5.06259503303,6583.0,8.79224584747
553,2454,2333.0,0.0,1,1,1,181.0,360.0,1,2,0,5.19849703127,4787.0,8.47365918939
554,3593,4266.0,0.0,1,0,1,132.0,180.0,1,0,0,4.88280192259,7859.0,8.96941465087
555,5468,1032.0,1.0,2,0,1,26.0,360.0,1,1,0,3.25809653802,6500.0,8.77955745588
556,2667,1625.0,1.0,1,0,0,84.0,360.0,0,2,0,4.43081679884,4292.0,8.36450810375
557,10139,0.0,1.0,4,0,1,260.0,360.0,1,1,1,5.56068163102,10139.0,9.22414465295
558,3887,2669.0,1.0,1,0,1,162.0,360.0,1,1,0,5.08759633523,6556.0,8.78813593986
559,4180,2306.0,1.0,1,0,0,182.0,360.0,1,1,0,5.20400668708,6486.0,8.77740128687
560,3675,242.0,1.0,3,1,1,108.0,360.0,1,1,0,4.68213122712,3917.0,8.27308133367
561,19484,0.0,1.0,2,0,0,600.0,360.0,1,1,1,6.39692965522,19484.0,9.87734889493
562,5923,2054.0,1.0,1,0,1,211.0,360.0,1,0,0,5.35185813348,7977.0,8.98431767991
563,5800,0.0,1.0,1,1,1,132.0,360.0,0,1,1,4.88280192259,5800.0,8.66561319653
564,8799,0.0,0.0,3,0,1,258.0,360.0,1,2,0,5.55295958492,8799.0,9.08239335765
565,4467,0.0,1.0,1,1,1,120.0,360.0,1,0,0,4.78749174278,4467.0,8.40447232135
566,3333,0.0,1.0,1,0,1,70.0,360.0,0,2,0,4.24849524205,3333.0,8.11162807831
567,3400,2500.0,0.0,4,0,1,123.0,360.0,1,0,0,4.81218435537,5900.0,8.68270762989
568,2378,0.0,1.0,1,0,0,9.0,360.0,0,2,0,2.19722457734,2378.0,7.77401507725
569,3166,2064.0,0.0,1,0,1,104.0,360.0,1,2,0,4.64439089914,5230.0,8.56216655706
570,3417,1750.0,1.0,2,0,1,186.0,360.0,1,2,0,5.22574667371,5167.0,8.55004752829
571,5116,1451.0,0.0,0,0,1,165.0,360.0,1,2,0,5.1059454739,6567.0,8.78981238619
572,16666,0.0,1.0,3,0,1,275.0,360.0,1,2,0,5.61677109767,16666.0,9.72112599494
573,6125,1625.0,1.0,3,1,1,187.0,480.0,1,1,0,5.23110861685,7750.0,8.95544812235
574,6406,0.0,1.0,4,0,1,150.0,360.0,1,1,0,5.0106352941,6406.0,8.76499033017
575,3159,461.0,1.0,3,0,1,108.0,84.0,1,2,0,4.68213122712,3620.0,8.19422930482
576,3087,2210.0,0.0,1,0,1,136.0,360.0,1,1,0,4.91265488574,5297.0,8.57489590154
577,3229,2739.0,1.0,1,0,1,110.0,360.0,0,2,0,4.70048036579,5968.0,8.69416714188
578,1782,2232.0,1.0,2,0,1,107.0,360.0,1,0,0,4.67282883446,4014.0,8.29754352936
579,3182,2917.0,1.0,1,0,1,161.0,360.0,0,2,0,5.08140436498,6099.0,8.7158801023
580,6540,0.0,1.0,3,0,1,205.0,360.0,1,1,0,5.32300997914,6540.0,8.78569244445
581,1836,33837.0,1.0,1,0,1,90.0,360.0,0,2,0,4.49980967033,35673.0,10.4821493791
582,3166,0.0,1.0,1,0,0,36.0,360.0,1,1,0,3.58351893846,3166.0,8.06022424044
583,1880,0.0,1.0,2,0,1,61.0,360.0,1,0,0,4.11087386417,1880.0,7.53902705582
584,2787,1917.0,0.0,2,0,1,146.0,360.0,1,0,0,4.98360662171,4704.0,8.45616848958
585,4283,3000.0,1.0,2,0,1,172.0,84.0,1,0,0,5.14749447681,7283.0,8.89329814422
586,2297,1522.0,1.0,1,0,1,104.0,360.0,1,2,0,4.64439089914,3819.0,8.24774388723
587,2165,0.0,1.0,1,1,0,70.0,360.0,0,1,0,4.24849524205,2165.0,7.68017564044
588,4750,0.0,1.0,1,0,1,94.0,360.0,0,1,0,4.54329478227,4750.0,8.46589989703
589,2726,0.0,0.0,3,0,1,106.0,360.0,1,1,1,4.66343909411,2726.0,7.91059061226
590,3000,3416.0,1.0,1,0,1,56.0,180.0,1,1,0,4.02535169074,6416.0,8.76655014955
591,6000,0.0,1.0,3,0,1,205.0,240.0,1,1,1,5.32300997914,6000.0,8.69951474821
592,9357,0.0,1.0,4,0,1,292.0,360.0,0,1,1,5.67675380227,9357.0,9.14388000528
593,3859,3300.0,1.0,1,0,1,142.0,180.0,1,0,0,4.9558270576,7159.0,8.8761255854
594,16120,0.0,1.0,1,0,1,260.0,360.0,1,2,1,5.56068163102,16120.0,9.68781601606
595,3833,0.0,1.0,1,1,1,110.0,360.0,0,0,0,4.70048036579,3833.0,8.25140306538
596,6383,1000.0,1.0,3,1,1,187.0,360.0,1,0,1,5.23110861685,7383.0,8.90693533906
597,2987,0.0,0.0,0,0,1,88.0,360.0,0,1,0,4.47733681448,2987.0,8.00202481822
598,9963,0.0,1.0,1,0,1,180.0,360.0,1,0,1,5.19295685089,9963.0,9.20663351004
599,5780,0.0,1.0,3,0,1,192.0,360.0,1,2,0,5.25749537203,5780.0,8.66215896167
600,416,41667.0,1.0,4,0,0,350.0,180.0,0,2,0,5.85793315448,42083.0,10.6473991376
601,2894,2792.0,1.0,1,1,1,155.0,360.0,1,0,0,5.04342511692,5686.0,8.64576229221
602,5703,0.0,1.0,4,0,1,128.0,360.0,1,2,0,4.85203026392,5703.0,8.64874763116
603,3676,4301.0,1.0,1,0,1,172.0,360.0,0,0,0,5.14749447681,7977.0,8.98431767991
604,12000,0.0,1.0,2,0,0,496.0,360.0,1,1,0,6.20657592672,12000.0,9.39266192877
605,2400,3800.0,1.0,1,1,1,117.0,180.0,1,2,0,4.7621739348,6200.0,8.73230457103
606,3400,2500.0,1.0,2,0,1,173.0,360.0,1,1,0,5.1532915945,5900.0,8.68270762989
607,3987,1411.0,1.0,3,1,1,157.0,360.0,1,0,0,5.05624580535,5398.0,8.59378379358
608,3232,1950.0,1.0,1,0,1,108.0,360.0,1,0,0,4.68213122712,5182.0,8.55294636112
609,2900,0.0,1.0,1,0,0,71.0,360.0,0,0,0,4.26267987704,2900.0,7.97246601597
610,4106,0.0,1.0,4,0,1,40.0,180.0,1,0,0,3.68887945411,4106.0,8.32020459758
611,8072,240.0,1.0,2,0,1,253.0,360.0,1,2,0,5.53338948873,8312.0,9.02545553278
612,7583,0.0,1.0,3,0,1,187.0,360.0,1,2,0,5.23110861685,7583.0,8.9336641787
613,4583,0.0,0.0,1,0,0,133.0,360.0,0,1,1,4.89034912822,4583.0,8.43010908451
